{"cameraMode":{"drawMode":0,"name":"Shaded","section":"Shading Mode"},"sceneLighting":false,"audioPlay":false,"sceneViewState":{"showFog":false,"showMaterialUpdate":false,"showSkybox":false,"showFlares":false,"showImageEffects":false,"showParticleSystems":false,"showVisualEffectGraphs":true,"m_FxEnabled":true},"in2DMode":false,"pivot":{"x":-1.2418134212493897,"y":0.6858664751052856,"z":0.0037866756319999696},"rotation":{"x":0.13435451686382295,"y":0.3207603394985199,"z":-0.04602627456188202,"w":0.9364646673202515},"size":1.5050078630447388,"orthographic":false}