{"cameraMode":{"drawMode":0,"name":"Shaded","section":"Shading Mode"},"sceneLighting":false,"audioPlay":false,"sceneViewState":{"showFog":false,"showMaterialUpdate":false,"showSkybox":false,"showFlares":false,"showImageEffects":false,"showParticleSystems":false,"showVisualEffectGraphs":true,"m_FxEnabled":true},"in2DMode":false,"pivot":{"x":-1.1920928955078126e-7,"y":1.7799999713897706,"z":-2.9802322387695315e-8},"rotation":{"x":0.031554728746414188,"y":-0.9515209794044495,"z":-0.10620292276144028,"w":-0.28744766116142275},"size":2.9687001705169679,"orthographic":false}