{"cameraMode":{"drawMode":0,"name":"Shaded","section":"Shading Mode"},"sceneLighting":false,"audioPlay":false,"sceneViewState":{"showFog":false,"showMaterialUpdate":false,"showSkybox":false,"showFlares":false,"showImageEffects":false,"showParticleSystems":false,"showVisualEffectGraphs":true,"m_FxEnabled":true},"in2DMode":false,"pivot":{"x":-1.431822657585144,"y":1.6767925024032593,"z":0.006851181387901306},"rotation":{"x":0.13435451686382295,"y":0.3207603394985199,"z":-0.04602627456188202,"w":0.9364646673202515},"size":2.3713531494140627,"orthographic":false}