{"cameraMode":{"drawMode":0,"name":"Shaded","section":"Shading Mode"},"sceneLighting":false,"audioPlay":false,"sceneViewState":{"showFog":false,"showMaterialUpdate":false,"showSkybox":false,"showFlares":false,"showImageEffects":false,"showParticleSystems":false,"showVisualEffectGraphs":true,"m_FxEnabled":true},"in2DMode":false,"pivot":{"x":0.027877986431121827,"y":1.2237663269042969,"z":0.7289999723434448},"rotation":{"x":-0.10750839859247208,"y":0.6939716935157776,"z":-0.10592983663082123,"w":-0.7040643692016602},"size":1.5292696952819825,"orthographic":false}